Common Name,Scientific Name,Occurrence,Classification,Federal,State,Source,Abundance Codes,Nests Locally
Greater White-fronted Goose,Anser albifrons,occasional,native,,,USFWS ServCat bird checklist 2008,r o o,
California Quail,Callipepla californica,rare,native,,,USFWS ServCat bird checklist 2008,r r r r,
Snow Goose,Chen hyperborea,rare,native,,,USFWS ServCat bird checklist 2008,r r,
Ring-necked Pheasant,Phasianus colchicus,nests locally,non-native,,,USFWS ServCat bird checklist 2008,u u u u,yes
Ross's Goose,Chen rossii,rare,native,,,USFWS ServCat bird checklist 2008,r r,
Canada Goose,Branta canadensis,nests locally,native,,,USFWS ServCat bird checklist 2008,c c c c,yes
Cackling Goose,Branta hutchinsii,occasional,native,,,USFWS ServCat bird checklist 2008,o o o,
Red-throated Loon,Gavia stellata,occasional,native,,,USFWS ServCat bird checklist 2008,o o o,
Brant,Branta bernicla,rare,native,,SSC,USFWS ServCat bird checklist 2008,r r r,
Pacific Loon,Gavia pacifica,rare,native,,,USFWS ServCat bird checklist 2008,r r r,
Tundra Swan,Cygnus columbianus,rare,native,,,USFWS ServCat bird checklist 2008,r r,
Common Loon,Gavia immer,occasional,native,,,USFWS ServCat bird checklist 2008,o o o,
Gadwall,Anas strepera,nests locally,native,,,USFWS ServCat bird checklist 2008,c c c c,yes
Eurasian Wigeon,Anas penelope,occasional,native,,,USFWS ServCat bird checklist 2008,r o o,
Pied-billed Grebe,Podilymbus podiceps,nests locally,native,,,USFWS ServCat bird checklist 2008,c u c c,yes
American Wigeon,Anas americana,abundant,native,,,USFWS ServCat bird checklist 2008,c r a a,
Horned Grebe,Podiceps auritus,uncommon,native,,,USFWS ServCat bird checklist 2008,u u u,
Mallard,Anas platyrhynchos,nests locally,native,,,USFWS ServCat bird checklist 2008,c c c c,yes
Red-necked Grebe,Podiceps grisegena,rare,native,,,USFWS ServCat bird checklist 2008,r r r,
Blue-winged Teal,Anas discors,occasional,native,,,USFWS ServCat bird checklist 2008,o o o,
Eared Grebe,Podiceps nigricollis,nests locally,native,,,USFWS ServCat bird checklist 2008,a o c a,yes
Cinnamon Teal,Anas cyanoptera,nests locally,native,,,USFWS ServCat bird checklist 2008,c u c c,yes
Western Grebe,Aechmophorus occidentalis,common,native,,,USFWS ServCat bird checklist 2008,c o c c,
Northern Shoveler,Anas clypeata,nests locally,native,,,USFWS ServCat bird checklist 2008,c u a a,yes
Clark's Grebe,Aechmophorus clarkii,common,native,,,USFWS ServCat bird checklist 2008,c o c c,
Northern Pintail,Anas acuta,nests locally,native,,,USFWS ServCat bird checklist 2008,c u c c,yes
Green-winged Teal,Anas crecca,common,native,,,USFWS ServCat bird checklist 2008,u r c c,
Canvasback,Aythya valisineria,nests locally,native,,,USFWS ServCat bird checklist 2008,c r c a,yes
American White Pelican,Pelecanus erythrorhynchos,common,native,,SSC,USFWS ServCat bird checklist 2008,u c c c,
Redhead,Aythya americana,uncommon,native,,SSC,USFWS ServCat bird checklist 2008,r u u,
Brown Pelican,Pelecanus occidentalis,common,native,,,USFWS ServCat bird checklist 2008,r u c o,
Ring-necked Duck,Aythya collaris,rare,native,,,USFWS ServCat bird checklist 2008,r r r,
Tufted Duck,Aythya fuligula,rare,non-native,,,USFWS ServCat bird checklist 2008,r r r,
Greater Scaup,Aythya marila,abundant,native,,,USFWS ServCat bird checklist 2008,c r c a,
Brandt's Cormorant,Phalacrocorax penicillatus,rare,native,,,USFWS ServCat bird checklist 2008,r r r r,
Lesser Scaup,Aythya affinis,nests locally,native,,,USFWS ServCat bird checklist 2008,c u a a,yes
Double-crested Cormorant,Phalacrocorax auritus,nests locally,native,,,USFWS ServCat bird checklist 2008,c c a c,yes
Surf Scoter,Melanitta perspicillata,common,native,,,USFWS ServCat bird checklist 2008,u c c,
Pelagic Cormorant,Phalacrocorax pelagicus,rare,native,,,USFWS ServCat bird checklist 2008,r r r r,
White-winged Scoter,Melanitta fusca,rare,native,,,USFWS ServCat bird checklist 2008,r r r,
Black Scoter,Melanitta nigra,rare,native,,,USFWS ServCat bird checklist 2008,r r r,
American Bittern,Botaurus lentiginosus,occasional,native,,,USFWS ServCat bird checklist 2008,r r o o,
Long-tailed Duck,Clangula hyemalis,rare,native,,,USFWS ServCat bird checklist 2008,r r r,
Least Bittern,Ixobrychus exilis,rare,native,,SSC,USFWS ServCat bird checklist 2008,r r,
Bufflehead,Bucephala albeola,abundant,native,,,USFWS ServCat bird checklist 2008,c r c a,
Great Blue Heron,Ardea herodias,nests locally,native,,,USFWS ServCat bird checklist 2008,c c c c,yes
Common Goldeneye,Bucephala clangula,common,native,,,USFWS ServCat bird checklist 2008,u u c,
Great Egret,Ardea alba,nests locally,native,,,USFWS ServCat bird checklist 2008,c c c c,yes
Barrow's Goldeneye,Bucephala islandica,rare,native,,,USFWS ServCat bird checklist 2008,r r r,
Snowy Egret,Egretta thula,nests locally,native,,,USFWS ServCat bird checklist 2008,c c c c,yes
Hooded Merganser,Lophodytes cucullata,occasional,native,,,USFWS ServCat bird checklist 2008,r o o,
Little Blue Heron,Egretta caerulea,nests locally,native,,,USFWS ServCat bird checklist 2008,r r r,yes
Common Merganser,Mergus merganser,rare,native,,,USFWS ServCat bird checklist 2008,r r r,
Cattle Egret,Bubulcus ibis,nests locally,native,,,USFWS ServCat bird checklist 2008,r r r r,yes
Red-breasted Merganser,Mergus serrator,common,native,,,USFWS ServCat bird checklist 2008,u u c,
Green Heron,Butorides virescens,occasional,native,,,USFWS ServCat bird checklist 2008,o o o r,
Ruddy Duck,Oxyura jamaicensis,nests locally,native,,,USFWS ServCat bird checklist 2008,c u a a,yes
Black-crowned Night-Heron,Nycticorax nycticorax,nests locally,native,,,USFWS ServCat bird checklist 2008,c c c c,yes
White-faced Ibis,Plegadis chihi,nests locally,native,,,USFWS ServCat bird checklist 2008,r r r,yes
Turkey Vulture,Cathartes aura,common,native,,,USFWS ServCat bird checklist 2008,c c c c,
Osprey,Pandion haliaetus,uncommon,native,,,USFWS ServCat bird checklist 2008,u r u u,
Greater Yellowlegs,Tringa melanoleuca,common,native,,,USFWS ServCat bird checklist 2008,c u c c,
White-tailed Kite,Elanus coeruleus,nests locally,native,,SP,USFWS ServCat bird checklist 2008,c c c c,yes
Lesser Yellowlegs,Tringa flavipes,uncommon,native,,,USFWS ServCat bird checklist 2008,o o u o,
Bald Eagle,Haliaeetus leucocephalus,rare,native,,E,USFWS ServCat bird checklist 2008,r r,
Willet,Catoptrophorus semipalmatus,abundant,native,,,USFWS ServCat bird checklist 2008,c u a a,
Northern Harrier,Circus cyaneus,nests locally,native,,SSC,USFWS ServCat bird checklist 2008,c c c c,yes
Wandering Tattler,Heteroscelus incanus,rare,native,,,USFWS ServCat bird checklist 2008,r r,
Sharp-shinned Hawk,Accipiter striatus,uncommon,native,,,USFWS ServCat bird checklist 2008,o u o,
Spotted Sandpiper,Actitis macularia,occasional,native,,,USFWS ServCat bird checklist 2008,o o r,
Cooper's Hawk,Accipiter cooperii,uncommon,native,,,USFWS ServCat bird checklist 2008,o r u u,
Whimbrel,Numenius phaeopus,uncommon,native,,,USFWS ServCat bird checklist 2008,o o u u,
Red-shouldered Hawk,Buteo lineatus,uncommon,native,,,USFWS ServCat bird checklist 2008,o o u o,
Long-billed Curlew,Numenius americanus,common,native,,,USFWS ServCat bird checklist 2008,c u c c,
Red-tailed Hawk,Buteo jamaicensis,nests locally,native,,,USFWS ServCat bird checklist 2008,c c c c,yes
Marbled Godwit,Limosa fedoa,abundant,native,,,USFWS ServCat bird checklist 2008,a c a a,
Ferruginous Hawk,Buteo regalis,rare,native,,,USFWS ServCat bird checklist 2008,r r,
Ruddy Turnstone,Arenaria interpres,occasional,native,,,USFWS ServCat bird checklist 2008,o r o o,
Rough-legged Hawk,Buteo lagopus,rare,native,,,USFWS ServCat bird checklist 2008,r r r,
Black Turnstone,Arenaria melanocephala,occasional,native,,,USFWS ServCat bird checklist 2008,o r o o,
Golden Eagle,Aquila chrysaetos,occasional,native,,SP,USFWS ServCat bird checklist 2008,r r o o,
Red Knot,Calidris canutus,uncommon,native,,,USFWS ServCat bird checklist 2008,u r u o,
Sanderling,Calidris alba,uncommon,native,,,USFWS ServCat bird checklist 2008,u r u u,
Semipalmated Sandpiper,Calidris pusilla,rare,native,,,USFWS ServCat bird checklist 2008,r r,
American Kestrel,Falco sparverius,nests locally,native,,,USFWS ServCat bird checklist 2008,u u u u,yes
Western Sandpiper,Calidris mauri,abundant,native,,,USFWS ServCat bird checklist 2008,a c a a,
Merlin,Falco columbarius,uncommon,native,,,USFWS ServCat bird checklist 2008,o u u,
Least Sandpiper,Calidris minutilla,common,native,,,USFWS ServCat bird checklist 2008,c u c c,
Peregrine Falcon,Falco peregrinus,nests locally,native,,,USFWS ServCat bird checklist 2008,u u u u,yes
Baird's Sandpiper,Calidris bairdii,rare,native,,,USFWS ServCat bird checklist 2008,r r r,
Prairie Falcon,Falco mexicanus,rare,native,,,USFWS ServCat bird checklist 2008,r r,
Pectoral Sandpiper,Calidris melanotos,occasional,native,,,USFWS ServCat bird checklist 2008,r r o,
Dunlin,Calidris alpina,abundant,native,,,USFWS ServCat bird checklist 2008,a r a a,
Stilt Sandpiper,Calidris himantopus,rare,native,,,USFWS ServCat bird checklist 2008,r,
Black Rail,,rare,,,,USFWS ServCat bird checklist 2008,r r,
Ruff,Philomachus pugnax,rare,native,,,USFWS ServCat bird checklist 2008,r r r,
Clapper Rail,,nests locally,,,,USFWS ServCat bird checklist 2008,u u u u,yes
Short-billed Dowitcher,Limnodromus griseus,abundant,native,,,USFWS ServCat bird checklist 2008,c u a c,
Virginia Rail,Rallus limicola,common,native,,,USFWS ServCat bird checklist 2008,u c u,
Long-billed Dowitcher,Limnodromus scolopaceus,abundant,native,,,USFWS ServCat bird checklist 2008,a u a a,
Sora,Porzana carolina,common,native,,,USFWS ServCat bird checklist 2008,u c u,
Wilson's Snipe,Gallinago delicata,uncommon,native,,,USFWS ServCat bird checklist 2008,u u u,
Common Moorhen,Gallinula chloropus,nests locally,native,,,USFWS ServCat bird checklist 2008,u u u u,yes
Wilson's Phalarope,Phalaropus tricolor,abundant,native,,,USFWS ServCat bird checklist 2008,o a u r,
American Coot,Fulica americana,nests locally,native,,,USFWS ServCat bird checklist 2008,c c a a,yes
Red-necked Phalarope,Phalaropus lobatus,abundant,native,,,USFWS ServCat bird checklist 2008,c a a,
Red Phalarope,Phalaropus fulicaria,rare,native,,,USFWS ServCat bird checklist 2008,r r r,
Sandhill Crane,Grus canadensis,rare,native,,,USFWS ServCat bird checklist 2008,r r,
Parasitic Jaeger,Stercorarius parasiticus,occasional,native,,,USFWS ServCat bird checklist 2008,o,
Black-bellied Plover,Pluvialis squatarola,abundant,native,,,USFWS ServCat bird checklist 2008,c u a c,
Franklin's Gull,Larus pipixcan,rare,native,,,USFWS ServCat bird checklist 2008,r r r,
American Golden-Plover,Pluvialis dominica,rare,native,,,USFWS ServCat bird checklist 2008,r,
Bonaparte's Gull,Larus Philadelphia,common,native,,,USFWS ServCat bird checklist 2008,c o c c,
Pacific Golden-Plover,Pluvialis fulva,rare,native,,,USFWS ServCat bird checklist 2008,r r r,
Heermann's Gull,Larus heermanni,rare,native,,,USFWS ServCat bird checklist 2008,r,
Snowy Plover,Anarhynchus nivosus,nests locally,,,,USFWS ServCat bird checklist 2008,o o u u,yes
Mew Gull,Larus canus,common,native,,,USFWS ServCat bird checklist 2008,u u c,
Semipalmated Plover,Charadrius semipalmata,common,native,,,USFWS ServCat bird checklist 2008,c u c u,
Ring-billed Gull,Larus delawarensis,abundant,native,,,USFWS ServCat bird checklist 2008,c u a a,
Killdeer,Charadrius vociferus,nests locally,native,,,USFWS ServCat bird checklist 2008,c c c c,yes
California Gull,Larus californicus,nests locally,native,,,USFWS ServCat bird checklist 2008,a a a a,yes
Herring Gull,Larus argentatus,abundant,native,,,USFWS ServCat bird checklist 2008,a r a a,
Thayer's Gull,Larus thayeri,uncommon,native,,,USFWS ServCat bird checklist 2008,u u u,
Black-necked Stilt,Himantopus mexicanus,nests locally,native,,,USFWS ServCat bird checklist 2008,c c a a,yes
Western Gull,Larus occidentalis,nests locally,native,,,USFWS ServCat bird checklist 2008,c u c c,yes
American Avocet,Recurvirostra americana,nests locally,native,,,USFWS ServCat bird checklist 2008,c c a a,yes
Glaucous-winged Gull,Larus glaucescens,common,native,,,USFWS ServCat bird checklist 2008,u o c c,
Glaucous Gull,Larus hyperboreus,occasional,native,,,USFWS ServCat bird checklist 2008,r o,
Sabine's Gull,Xena sabini,rare,native,,,USFWS ServCat bird checklist 2008,r,
Caspian Tern,Sterna caspia,nests locally,native,,,USFWS ServCat bird checklist 2008,c c c,yes
Western Wood-Pewee,Contopus sordidulus,occasional,native,,,USFWS ServCat bird checklist 2008,o,
Elegant Tern,Sterna elegans,uncommon,native,,,USFWS ServCat bird checklist 2008,r u,
Willow Flycatcher,Empidonax traillii,occasional,native,,,USFWS ServCat bird checklist 2008,o,
Common Tern,Sterna hirundo,occasional,native,,,USFWS ServCat bird checklist 2008,r o,
Pacific-slope Flycatcher,Empidonax difficilis,uncommon,native,,,USFWS ServCat bird checklist 2008,u,
Forster's Tern,Sterna forsteri,nests locally,native,,,USFWS ServCat bird checklist 2008,a a a u,yes
Black Phoebe,Sayornis nigricans,nests locally,native,,,USFWS ServCat bird checklist 2008,u u u u,yes
Least Tern,,uncommon,,,,USFWS ServCat bird checklist 2008,u u r,
Say's Phoebe,Sayornis saya,occasional,native,,,USFWS ServCat bird checklist 2008,r o o,
Black Tern,Chlidonias niger,rare,native,,,USFWS ServCat bird checklist 2008,r r,
Ash-throated Flycatcher,Myiarchus cinerascens,rare,native,,,USFWS ServCat bird checklist 2008,r,
Black Skimmer,Rynchops niger,nests locally,native,,SSC,USFWS ServCat bird checklist 2008,u u u u,yes
Western Kingbird,Tyrannus verticalis,occasional,native,,,USFWS ServCat bird checklist 2008,o r r,
Common Murre,Uria aalge,occasional,native,,,USFWS ServCat bird checklist 2008,o o r,
Loggerhead Shrike,Lanius ludovicianus,nests locally,native,,SSC,USFWS ServCat bird checklist 2008,u u u u,yes
Rock Dove,Columba livia,uncommon,non-native,,,USFWS ServCat bird checklist 2008,u u u u,
Warbling Vireo,Vireo gilvus,occasional,native,,,USFWS ServCat bird checklist 2008,o o,
Mourning Dove,Zenaida macroura,nests locally,native,,,USFWS ServCat bird checklist 2008,c c c c,yes
Western Scrub-Jay,Aphelocoma californica,nests locally,native,,,USFWS ServCat bird checklist 2008,u u u u,yes
Barn Owl,Tyto alba,nests locally,native,,,USFWS ServCat bird checklist 2008,u u u u,yes
American Crow,Corvus brachyrhynchos,uncommon,native,,,USFWS ServCat bird checklist 2008,u u u u,
Common Raven,Corvus corax,nests locally,native,,,USFWS ServCat bird checklist 2008,c c c c,yes
Great Horned Owl,Bubo virginianus,occasional,native,,,USFWS ServCat bird checklist 2008,o o o o,
Burrowing Owl,Athene cunicularia,nests locally,native,,SSC,USFWS ServCat bird checklist 2008,u u u u,yes
Horned Lark,Eremophila alpestris,nests locally,native,,,USFWS ServCat bird checklist 2008,o o o o,yes
Short-eared Owl,Asio flammeus,nests locally,native,,SSC,USFWS ServCat bird checklist 2008,r r r o,yes
Purple Martin,Progne subis,rare,native,,,USFWS ServCat bird checklist 2008,r,
Vaux's Swift,Chaetura vauxi,uncommon,native,,SSC,USFWS ServCat bird checklist 2008,o u,
Tree Swallow,Tachycineta bicolor,nests locally,native,,,USFWS ServCat bird checklist 2008,u u u o,yes
White-throated Swift,Aeronautes saxatalis,uncommon,native,,,USFWS ServCat bird checklist 2008,o o u o,
Violet-green Swallow,Tachycineta thalassina,common,native,,,USFWS ServCat bird checklist 2008,u c o,
Northern Rough-winged Swallow,Stelgidopteryx serripennis,uncommon,native,,,USFWS ServCat bird checklist 2008,u o u,
Bank Swallow,Riparia riparia,rare,native,,T,USFWS ServCat bird checklist 2008,r r r,
Anna's Hummingbird,Calypte anna,nests locally,native,,,USFWS ServCat bird checklist 2008,c c c c,yes
Cliff Swallow,Petrochelidon pyrrhonota,nests locally,native,,,USFWS ServCat bird checklist 2008,a a u,yes
Rufous Hummingbird,Selasphorus rufus,rare,native,,,USFWS ServCat bird checklist 2008,r r,
Barn Swallow,Hirundo rustica,nests locally,native,,,USFWS ServCat bird checklist 2008,c c c r,yes
Allen's Hummingbird,Selasphorus sasin,rare,native,,,USFWS ServCat bird checklist 2008,r,
Chestnut-backed Chickadee,Poecile rufescens,occasional,native,,,USFWS ServCat bird checklist 2008,o o o o,
Belted Kingfisher,Ceryle alcyon,occasional,native,,,USFWS ServCat bird checklist 2008,o o o o,
Bushtit,Psaltriparus minimus,nests locally,native,,,USFWS ServCat bird checklist 2008,c c c c,yes
Red-breasted Sapsucker,Sphyrapicus ruber,rare,native,,,USFWS ServCat bird checklist 2008,r,
Nuttall's Woodpecker,Picoides nuttallii,occasional,native,,,USFWS ServCat bird checklist 2008,o o o o,
Downy Woodpecker,Picoides pubescens,occasional,native,,,USFWS ServCat bird checklist 2008,o o o,
Rock Wren,Salpinctes obsoletus,rare,native,,,USFWS ServCat bird checklist 2008,r r r r,
Northern Flicker,Colaptes auratus,occasional,native,,,USFWS ServCat bird checklist 2008,o o o,
Bewick's Wren,Thryomanes bewickii,nests locally,native,,,USFWS ServCat bird checklist 2008,u u u u,yes
House Wren,Troglodytes aedon,occasional,native,,,USFWS ServCat bird checklist 2008,r o r,
Marsh Wren,Cistothorus palustris,nests locally,native,,,USFWS ServCat bird checklist 2008,c c c c,yes
Nelson's Sharp-tailed Sparrow,Ammodramus nelsoni,rare,native,,,USFWS ServCat bird checklist 2008,r r,
Golden-crowned Kinglet,Regulus satrapa,occasional,native,,,USFWS ServCat bird checklist 2008,r o r,
Fox Sparrow,Passerella iliaca,common,native,,,USFWS ServCat bird checklist 2008,u c u,
Ruby-crowned Kinglet,Regulus calendula,uncommon,native,,,USFWS ServCat bird checklist 2008,u u u,
Song Sparrow,Melospiza melodia,nests locally,,,,USFWS ServCat bird checklist 2008,a a a a,yes
Lincoln's Sparrow,Melospiza lincolnii,uncommon,native,,,USFWS ServCat bird checklist 2008,u u u,
Swamp Sparrow,Melospiza georgiana,rare,native,,,USFWS ServCat bird checklist 2008,r r,
Blue-gray Gnatcatcher,Polioptila caerulea,rare,native,,,USFWS ServCat bird checklist 2008,r r,
White-throated Sparrow,Zonotrichia leucophrys,rare,native,,,USFWS ServCat bird checklist 2008,r r r,
White-crowned Sparrow,Zonotrichia atricapilla,common,native,,,USFWS ServCat bird checklist 2008,c c c,
Golden-crowned Sparrow,Zonotrichia atricapilla,common,native,,,USFWS ServCat bird checklist 2008,c c c,
Swainson's Thrush,Catharus ustulatus,occasional,native,,,USFWS ServCat bird checklist 2008,o r,
Dark-eyed Junco,Junco hyemalis,occasional,native,,,USFWS ServCat bird checklist 2008,o o,
Hermit Thrush,Catharus guttatus,uncommon,native,,,USFWS ServCat bird checklist 2008,u u u,
American Robin,Turdus migratorius,uncommon,native,,,USFWS ServCat bird checklist 2008,o o o u,
Varied Thrush,Ixoreus naevius,rare,native,,,USFWS ServCat bird checklist 2008,r r,
Black-headed Grosbeak,Pheucticus melanocephalus,uncommon,native,,,USFWS ServCat bird checklist 2008,u u,
Lazuli Bunting,Passerina amoena,rare,native,,,USFWS ServCat bird checklist 2008,r r r,
Northern Mockingbird,Mimus polyglottos,nests locally,native,,,USFWS ServCat bird checklist 2008,c c c c,yes
Sage Thrasher,Oreoscoptes montanus,rare,native,,,USFWS ServCat bird checklist 2008,r r,
Red-winged Blackbird,Agelaius phoeniceus,nests locally,native,,,USFWS ServCat bird checklist 2008,c c c c,yes
Tricolored Blackbird,Agelaius tricolor,uncommon,native,,SSC,USFWS ServCat bird checklist 2008,o u o,
Western Meadowlark,Sturnella neglecta,nests locally,native,,,USFWS ServCat bird checklist 2008,u u c c,yes
European Starling,Sturnus vulgaris,nests locally,non-native,,,USFWS ServCat bird checklist 2008,c c c c,yes
Brewer's Blackbird,Euphagus cyanocephalus,uncommon,native,,,USFWS ServCat bird checklist 2008,u u u u,
Brown-headed Cowbird,Molothrus ater,uncommon,native,,,USFWS ServCat bird checklist 2008,u u u o,
American Pipit,Anthus rubescens,common,native,,,USFWS ServCat bird checklist 2008,c c c,
Hooded Oriole,Icterus cucullatus,occasional,native,,,USFWS ServCat bird checklist 2008,o o,
Bullock's Oriole,Icterus bullockii,nests locally,native,,,USFWS ServCat bird checklist 2008,o o r,yes
Cedar Waxwing,Bombycilla cedrorum,uncommon,native,,,USFWS ServCat bird checklist 2008,o o u,
House Finch,Carpodacus mexicanus,nests locally,native,,,USFWS ServCat bird checklist 2008,a a a a,yes
Lesser Goldfinch,Carduelis psaltria,uncommon,native,,,USFWS ServCat bird checklist 2008,u u u u,
Orange-crowned Warbler,Vermivora celata,uncommon,native,,,USFWS ServCat bird checklist 2008,o u r,
American Goldfinch,Carduelis tristis,nests locally,native,,,USFWS ServCat bird checklist 2008,u u u u,yes
Nashville Warbler,Vermivora ruficapilla,rare,native,,,USFWS ServCat bird checklist 2008,r r,
Yellow Warbler,Dendroica petechia,uncommon,native,,SSC,USFWS ServCat bird checklist 2008,o u r,
Yellow-rumped Warbler,Dendroica coronata,common,native,,,USFWS ServCat bird checklist 2008,c c c,
House Sparrow,Passer domesticus,nests locally,non-native,,,USFWS ServCat bird checklist 2008,u u u u,yes
Townsend's Warbler,Dendroica townsendi,rare,native,,,USFWS ServCat bird checklist 2008,r r r,
Palm Warbler,Dendroica palmarum,rare,native,,,USFWS ServCat bird checklist 2008,r,
Blackpoll Warbler,Dendroica striata,rare,native,,,USFWS ServCat bird checklist 2008,r,
Northern Waterthrush,Seiurus noveboracensis,rare,native,,,USFWS ServCat bird checklist 2008,r r,
Common Yellowthroat,Geothlypis trichas,nests locally,,,,USFWS ServCat bird checklist 2008,c c c c,yes
Wilson's Warbler,Wilsonia pusilla,uncommon,native,,,USFWS ServCat bird checklist 2008,u u,
Western Tanager,Piranga ludoviciana,occasional,native,,,USFWS ServCat bird checklist 2008,o o,
Spotted Towhee,Pipilo maculatus,occasional,native,,,USFWS ServCat bird checklist 2008,o,
California Towhee,Pipilo crissalis,nests locally,native,,,USFWS ServCat bird checklist 2008,c c c c,yes
Savannah Sparrow,Passerculus sandwichensis,nests locally,,,,USFWS ServCat bird checklist 2008,c c c c,yes
Brown Booby,Sula leucogaster,accidental,native,,,USFWS ServCat bird checklist 2008,,
Magnificent Frigatebird,Fregata magnificens,accidental,native,,,USFWS ServCat bird checklist 2008,,
Glossy Ibis,Plegadis falcinellus,accidental,native,,,USFWS ServCat bird checklist 2008,,
Wild Turkey,Meleagris gallopavo,accidental,native,,,USFWS ServCat bird checklist 2008,,
Black Oystercatcher,Haematopus bachmani,accidental,native,,,USFWS ServCat bird checklist 2008,,
Solitary Sandpiper,Tringa solitaria,accidental,native,,,USFWS ServCat bird checklist 2008,,
Hudsonian Godwit,Limosa haemastica,accidental,native,,,USFWS ServCat bird checklist 2008,,
Bar-tailed Godwit,Limosa lapponica,accidental,native,,,USFWS ServCat bird checklist 2008,,
Surfbird,Aphriza virgata,accidental,native,,,USFWS ServCat bird checklist 2008,,
Little Stint,Calidris minuta,accidental,native,,,USFWS ServCat bird checklist 2008,,
Sharp-tailed Sandpiper,Calidris acuminata,accidental,native,,,USFWS ServCat bird checklist 2008,,
Curlew Sandpiper,Calidris ferruginea,accidental,native,,,USFWS ServCat bird checklist 2008,,
Buff-breasted Sandpiper,Tryngites subruficollis,accidental,native,,,USFWS ServCat bird checklist 2008,,
Little Gull,Larus minutus,accidental,native,,,USFWS ServCat bird checklist 2008,,
Black-headed Gull,Larus ridibundus,accidental,native,,,USFWS ServCat bird checklist 2008,,
Lesser Black-backed Gull,Larus fuscus,accidental,native,,,USFWS ServCat bird checklist 2008,,
Slaty-backed Gull,Larus schistisagus,accidental,native,,,USFWS ServCat bird checklist 2008,,
Arctic Tern,Sterna paradisaea,accidental,native,,,USFWS ServCat bird checklist 2008,,
Ancient Murrelet,Synthliboramphus antiquus,accidental,native,,,USFWS ServCat bird checklist 2008,,
Pigeon Guillemot,Cepphus columba,accidental,native,,,USFWS ServCat bird checklist 2008,,
Band-tailed Pigeon,Columba fasciata,accidental,native,,,USFWS ServCat bird checklist 2008,,
Chimney Swift,Chaetura pelagica,accidental,native,,,USFWS ServCat bird checklist 2008,,
Black-chinned Hummingbird,Archilochus alexandri,accidental,native,,,USFWS ServCat bird checklist 2008,,
Least Flycatcher,Empidonax minimus,accidental,native,,,USFWS ServCat bird checklist 2008,,
Dusky Flycatcher,Empidonax oberholseri,accidental,native,,,USFWS ServCat bird checklist 2008,,
Hammond's Flycatcher,Empidonax hammondii,accidental,native,,,USFWS ServCat bird checklist 2008,,
Tropical Kingbird,Tyrannus melancholicus,accidental,native,,,USFWS ServCat bird checklist 2008,,
Cassin's Kingbird,Tyrannus vociferans,accidental,native,,,USFWS ServCat bird checklist 2008,,
Hutton's Vireo,Vireo huttoni,accidental,native,,,USFWS ServCat bird checklist 2008,,
Solitary Vireo,,accidental,,,,USFWS ServCat bird checklist 2008,,
White Wagtail,Motacilla alba,accidental,native,,,USFWS ServCat bird checklist 2008,,
American Redstart,Setophaga ruticilla,accidental,native,,,USFWS ServCat bird checklist 2008,,
Magnolia Warbler,Dendroica magnolia,accidental,native,,,USFWS ServCat bird checklist 2008,,
Yellow-breasted Chat,Icteria virens,accidental,native,,SSC,USFWS ServCat bird checklist 2008,,
Sage Sparrow,Amphispiza belli,accidental,native,,,USFWS ServCat bird checklist 2008,,
Chipping Sparrow,Spizella passerina,accidental,native,,,USFWS ServCat bird checklist 2008,,
Clay-colored Sparrow,Spizella pallida,accidental,native,,,USFWS ServCat bird checklist 2008,,
Brewer's Sparrow,Spizella breweri,accidental,native,,,USFWS ServCat bird checklist 2008,,
Vesper Sparrow,Pooecetes gramineus,accidental,native,,,USFWS ServCat bird checklist 2008,,
Lark Sparrow,Chondestes grammacus,accidental,native,,,USFWS ServCat bird checklist 2008,,
Chestnut-collared Longspur,Calcarius ornatus,accidental,native,,,USFWS ServCat bird checklist 2008,,
Pine Siskin,Spinus pinus,accidental,native,,,USFWS ServCat bird checklist 2008,,
