Common Name,Scientific Name,Occurrence,Classification,Federal,State,Source,Family
California box elder,Acer negundo var. californicum,,native,,,USFWS / EcoData Plant_List.pdf,Aceraceae
crystalline iceplant,Mesembryanthemum crystallinum,,non-native,,,USFWS / EcoData Plant_List.pdf,Aizoaceae
slenderleaf iceplant,Mesembryanthemum nodiflorum,,non-native,,,USFWS / EcoData Plant_List.pdf,Aizoaceae
New Zealand spinach,Tetragonia tetragonioides,,non-native,,,USFWS / EcoData Plant_List.pdf,Aizoaceae
amaranthus spp.,Amaranthus spp.,,non-native,,,USFWS / EcoData Plant_List.pdf,Amaranthaceae
lemonade berry,Rhus integrifolia,,native,,,USFWS / EcoData Plant_List.pdf,Anacardiaceae
Peruvian peppertree,Schinus molle,,non-native,,,USFWS / EcoData Plant_List.pdf,Anacardiaceae
Pacific poison oak,Toxicodendron diversilobum,,native,,,USFWS / EcoData Plant_List.pdf,Anacardiaceae
Bur chervil,Anthriscus caucalis,,non-native,,,USFWS / EcoData Plant_List.pdf,Apiaceae
Wild celery,Apium graveolens var. dulce,,non-native,,,USFWS / EcoData Plant_List.pdf,Apiaceae
poison hemlock,Conium maculatum,,non-native,,,USFWS / EcoData Plant_List.pdf,Apiaceae
coyote thistle,Eryngium aristulatum,,native,,,USFWS / EcoData Plant_List.pdf,Apiaceae
fennel,Foeniculum vulgare,,non-native,,,USFWS / EcoData Plant_List.pdf,Apiaceae
caraway-leaved lomatium,Lomatium caruifolium,,native,,,USFWS / EcoData Plant_List.pdf,Apiaceae
common lomatium,Lomatium utriculatum,,native,,,USFWS / EcoData Plant_List.pdf,Apiaceae
purple sanicle,Sanicula bipinnatifida,,native,,,USFWS / EcoData Plant_List.pdf,Apiaceae
periwinkle,Vinca major,,non-native,,,USFWS / EcoData Plant_List.pdf,Apocynaceae
calla lily,Zantedeschia aethiopica,,non-native,,,USFWS / EcoData Plant_List.pdf,Araceae
Italian lords and ladies,Arum italicum,,non-native,,,USFWS / EcoData Plant_List.pdf,Araceae
English ivy,Hedera helix,,non-native,,,USFWS / EcoData Plant_List.pdf,Araliaceae
Mexican fan palm,Washingtonia robusta,,non-native,,,USFWS / EcoData Plant_List.pdf,Arecaceae
Canary Island date palm,Phoenix canariensis,,non-native,,,USFWS / EcoData Plant_List.pdf,Arecaceae
Cape ivy,Delairea odorata,,non-native,,,USFWS / EcoData Plant_List.pdf,Asteraceae
yarrow,Achillea millefolium,,native,,,USFWS / EcoData Plant_List.pdf,Asteraceae
Russian knapweed,Acroptilon repens,,non-native,,,USFWS / EcoData Plant_List.pdf,Asteraceae
western ragweed,Ambrosia psilostachya,,native,,,USFWS / EcoData Plant_List.pdf,Asteraceae
pearly everlasting,Anaphalis margaritacea,,native,,,USFWS / EcoData Plant_List.pdf,Asteraceae
stinking chamomile,Anthemis cotula,,non-native,,,USFWS / EcoData Plant_List.pdf,Asteraceae
mugwort,Artemisia douglasiana,,native,,,USFWS / EcoData Plant_List.pdf,Asteraceae
California sagebrush,Artemisia californica,,native,,,USFWS / EcoData Plant_List.pdf,Asteraceae
salt marsh baccharis,Baccharis douglasii,,native,,,USFWS / EcoData Plant_List.pdf,Asteraceae
coyote brush,Baccharis pilularis,,native,,,USFWS / EcoData Plant_List.pdf,Asteraceae
field marigold,Calendula arvensis,,non-native,,,USFWS / EcoData Plant_List.pdf,Asteraceae
Italian thistle,Carduus pycnocephalus,,non-native,,,USFWS / EcoData Plant_List.pdf,Asteraceae
Slender-flowered thistle,Carduus tenuiflorus,,non-native,,,USFWS / EcoData Plant_List.pdf,Asteraceae
purple starthistle,Centaurea calcitrapa,,non-native,,,USFWS / EcoData Plant_List.pdf,Asteraceae
spotted knapweed,Centaurea maculosa,,non-native,,,USFWS / EcoData Plant_List.pdf,Asteraceae
tocolote,Centaurea melitensis,,non-native,,,USFWS / EcoData Plant_List.pdf,Asteraceae
yellow starthistle,Centaurea solstitialis,,non-native,,,USFWS / EcoData Plant_List.pdf,Asteraceae
common tarweed,Centromadia pungens ssp. pungens,,native,,,USFWS / EcoData Plant_List.pdf,Asteraceae
pineapple weed,Chamomilla suaveolens,,non-native,,,USFWS / EcoData Plant_List.pdf,Asteraceae
bull thistle,Cirsium vulgare,,non-native,,,USFWS / EcoData Plant_List.pdf,Asteraceae
Australian waterbuttons,Cotula australis,,non-native,,,USFWS / EcoData Plant_List.pdf,Asteraceae
brass buttons,Cotula coronopifolia,,non-native,,,USFWS / EcoData Plant_List.pdf,Asteraceae
stinkwort,Dittrichia graveolens,,non-native,,,USFWS / EcoData Plant_List.pdf,Asteraceae
brittle bush,Encelia farinosa,,native,,,USFWS / EcoData Plant_List.pdf,Asteraceae
golden yarrow,Eriophyllum confertiflorum,,native,,,USFWS / EcoData Plant_List.pdf,Asteraceae
wooly sunflower,Eriophyllum lanatum,,native,,,USFWS / EcoData Plant_List.pdf,Asteraceae
lizard tail,Eriophyllum staechadifolium,,native,,,USFWS / EcoData Plant_List.pdf,Asteraceae
western goldenrod,Euthamia occidentalis,,native,,,USFWS / EcoData Plant_List.pdf,Asteraceae
everlasting cudweed,Gnaphalium luteo-album,,non-native,,,USFWS / EcoData Plant_List.pdf,Asteraceae
gum plant,Grindelia stricta,,native,,,USFWS / EcoData Plant_List.pdf,Asteraceae
Hayfield tarweed,Hemizonia congesta,,native,,,USFWS / EcoData Plant_List.pdf,Asteraceae
Common tarweed,Hemizonia pungens,,native,,,USFWS / EcoData Plant_List.pdf,Asteraceae
smooth cat's ear,Hypochaeris glabra,,non-native,,,USFWS / EcoData Plant_List.pdf,Asteraceae
rough cat's ear,Hypochaeris radicata,,non-native,,,USFWS / EcoData Plant_List.pdf,Asteraceae
jaumea,Jaumea carnosa,,native,,,USFWS / EcoData Plant_List.pdf,Asteraceae
willow-leaf lettuce,Lactuca saligna,,non-native,,,USFWS / EcoData Plant_List.pdf,Asteraceae
prickly lettuce,Lactuca serriola,,non-native,,,USFWS / EcoData Plant_List.pdf,Asteraceae
smooth goldfields,Lasthenia glaberrima,,native,,,USFWS / EcoData Plant_List.pdf,Asteraceae
yellowray goldfields,Lasthenia glabrata,,native,,,USFWS / EcoData Plant_List.pdf,Asteraceae
tidy tips,Layia platyglossa,,native,,,USFWS / EcoData Plant_List.pdf,Asteraceae
coast tarweed,Madia sativa,,native,,,USFWS / EcoData Plant_List.pdf,Asteraceae
bristly oxtongue,Picris echioides,,non-native,,,USFWS / EcoData Plant_List.pdf,Asteraceae
woolly marbles,Psilocarphus brevissimus,,native,,,USFWS / EcoData Plant_List.pdf,Asteraceae
Oregon woolly-marbles,Psilocarphus oregonus,,native,,,USFWS / EcoData Plant_List.pdf,Asteraceae
common groundsel,Senecio vulgaris,,non-native,,,USFWS / EcoData Plant_List.pdf,Asteraceae
blessed milkthistle,Silybum marianum,,non-native,,,USFWS / EcoData Plant_List.pdf,Asteraceae
spiny sowthistle,Sonchus asper,,non-native,,,USFWS / EcoData Plant_List.pdf,Asteraceae
common sow thistle,Sonchus oleraceus,,non-native,,,USFWS / EcoData Plant_List.pdf,Asteraceae
Pacific aster,Symphyotrichum chilense,,native,,,USFWS / EcoData Plant_List.pdf,Asteraceae
dandelion,Taraxacum officinale,,non-native,,,USFWS / EcoData Plant_List.pdf,Asteraceae
purple salsify,Tragopogon porrifolius,,non-native,,,USFWS / EcoData Plant_List.pdf,Asteraceae
spiny cockleburr,Xanthium spinosum,,non-native,,,USFWS / EcoData Plant_List.pdf,Asteraceae
fiddleneck,Amsinckia menziesii var. intermedia,,native,,,USFWS / EcoData Plant_List.pdf,Boraginaceae
seaside heliotrope,Heliotropium curassavicum,,native,,,USFWS / EcoData Plant_List.pdf,Boraginaceae
forget-me-not,Myosotis latifolia,,non-native,,,USFWS / EcoData Plant_List.pdf,Boraginaceae
woodland forget-me-not,Myosotis sylvatica,,non-native,,,USFWS / EcoData Plant_List.pdf,Boraginaceae
bracted popcornflower,Plagiobothrys bracteatus,,native,,,USFWS / EcoData Plant_List.pdf,Boraginaceae
dwarf popcornflower,Plagiobothrys humistratus,,native,,,USFWS / EcoData Plant_List.pdf,Boraginaceae
Stalked popcornflower,Plagiobothrys stipitatus var. micranthus,,native,,,USFWS / EcoData Plant_List.pdf,Boraginaceae
alkali popcornflower,Plagiobothrys leptocladus,,native,,,USFWS / EcoData Plant_List.pdf,Boraginaceae
black mustard,Brassica nigra,,non-native,,,USFWS / EcoData Plant_List.pdf,Brassicaceae
field mustard,Brassica rapa,,non-native,,,USFWS / EcoData Plant_List.pdf,Brassicaceae
shepherd's purse,Capsella bursa-pastoris,,non-native,,,USFWS / EcoData Plant_List.pdf,Brassicaceae
hairy bittercress,Cardamine hirsuta,,non-native,,,USFWS / EcoData Plant_List.pdf,Brassicaceae
hoary cress,Cardaria draba,,non-native,,,USFWS / EcoData Plant_List.pdf,Brassicaceae
short podded mustard,Hirschfeldia incana,,non-native,,,USFWS / EcoData Plant_List.pdf,Brassicaceae
perennial pepperweed,Lepidium latifolium,,non-native,,,USFWS / EcoData Plant_List.pdf,Brassicaceae
forked pepperweed,Lepidium oxycarpum,,native,,,USFWS / EcoData Plant_List.pdf,Brassicaceae
radish,Raphanus sativus,,non-native,,,USFWS / EcoData Plant_List.pdf,Brassicaceae
common rock cress,Sibara virginica,,native,,,USFWS / EcoData Plant_List.pdf,Brassicaceae
charlock mustard,Sinapis arvensis,,non-native,,,USFWS / EcoData Plant_List.pdf,Brassicaceae
oriental mustard,Sisymbrium orientale,,non-native,,,USFWS / EcoData Plant_List.pdf,Brassicaceae
California water starwort,Callitriche marginata,,native,,,USFWS / EcoData Plant_List.pdf,Callitrichaceae
flatface downingia,Downingia pulchella,,native,,,USFWS / EcoData Plant_List.pdf,Campanulaceae
California honeysuckle,Lonicera hispidula var. vacillans,,native,,,USFWS / EcoData Plant_List.pdf,Caprifoliaceae
blue elderberry,Sambucus nigra ssp. Cerulea,,native,,,USFWS / EcoData Plant_List.pdf,Caprifoliaceae
Snowberry,Symphoricarpos albus var. laevigatus,,native,,,USFWS / EcoData Plant_List.pdf,Caprifoliaceae
field chickweed,Cerastium arvense,,native,,,USFWS / EcoData Plant_List.pdf,Caryophyllaceae
mouse-ear chickweed,Cerastium glomeratum,,non-native,,,USFWS / EcoData Plant_List.pdf,Caryophyllaceae
sticky sandspurry,Spergularia macrotheca,,native,,,USFWS / EcoData Plant_List.pdf,Caryophyllaceae
salt sandspurry,Spergularia marina,,native,,,USFWS / EcoData Plant_List.pdf,Caryophyllaceae
common chickweed,Stellaria media,,non-native,,,USFWS / EcoData Plant_List.pdf,Caryophyllaceae
ball saltbush,Atriplex fruticulosa,,native,,,USFWS / EcoData Plant_List.pdf,Chenopodiaceae
garden orache,Atriplex hortensis,,non-native,,,USFWS / EcoData Plant_List.pdf,Chenopodiaceae
fat hen,Atriplex patula,,native,,,USFWS / EcoData Plant_List.pdf,Chenopodiaceae
Australian saltbush,Atriplex semibaccata,,non-native,,,USFWS / EcoData Plant_List.pdf,Chenopodiaceae
spearscale,Atriplex triangularis,,native,,,USFWS / EcoData Plant_List.pdf,Chenopodiaceae
five horn bassia,Bassia hyssopifolia,,non-native,,,USFWS / EcoData Plant_List.pdf,Chenopodiaceae
common beet,Beta vulgaris,,non-native,,,USFWS / EcoData Plant_List.pdf,Chenopodiaceae
lamb's quarters,Chenopodium album,,non-native,,,USFWS / EcoData Plant_List.pdf,Chenopodiaceae
glasswort,Salicornia europaea,,native,,,USFWS / EcoData Plant_List.pdf,Chenopodiaceae
salt marsh pickleweed,Salicornia virginica,,native,,,USFWS / EcoData Plant_List.pdf,Chenopodiaceae
opposite-leaf Russian thistle,Salsola soda,,non-native,,,USFWS / EcoData Plant_List.pdf,Chenopodiaceae
Russian thistle,Salsola tragus,,non-native,,,USFWS / EcoData Plant_List.pdf,Chenopodiaceae
bush seep-weed,Suaeda moquinii,,native,,,USFWS / EcoData Plant_List.pdf,Chenopodiaceae
Parish's pickleweed,Salicornia subterminalis,,native,,,USFWS / EcoData Plant_List.pdf,Chenopodiaceae
field bindweed,Convolvulus arvensis,,non-native,,,USFWS / EcoData Plant_List.pdf,Convolvulaceae
alkali weed,Cressa truxillensis,,native,,,USFWS / EcoData Plant_List.pdf,Convolvulaceae
American dogwood,Cornus sericea,,native,,,USFWS / EcoData Plant_List.pdf,Cornaceae
water pygmy-weed,Crassula aquatica,,native,,,USFWS / EcoData Plant_List.pdf,Crassulaceae
sand pygmy-weed,Crassula connata,,native,,,USFWS / EcoData Plant_List.pdf,Crassulaceae
salt marsh dodder,Cuscuta salina,,native,,,USFWS / EcoData Plant_List.pdf,Cuscutaceae
field sedge,Carex praegracilis,,native,,,USFWS / EcoData Plant_List.pdf,Cyperaceae
needle spikerush,Eleocharis acicularis var. acicularis,,native,,,USFWS / EcoData Plant_List.pdf,Cyperaceae
pale spikerush,Eleocharis macrostachya,,native,,,USFWS / EcoData Plant_List.pdf,Cyperaceae
tule,Schoenoplectus acutus var. occidentalis,,native,,,USFWS / EcoData Plant_List.pdf,Cyperaceae
alkali bulrush,Bolboschoenus robustus,,native,,,USFWS / EcoData Plant_List.pdf,Cyperaceae
California Bulrush,Schoenoplectus californicus,,native,,,USFWS / EcoData Plant_List.pdf,Cyperaceae
maritime tule,Bolboschoenus maritimus,,native,,,USFWS / EcoData Plant_List.pdf,Cyperaceae
Fuller's teasel,Dipsacus sativus,,non-native,,,USFWS / EcoData Plant_List.pdf,Dipsacaceae
manzanita,Arctostaphylos spp.,,native,,,USFWS / EcoData Plant_List.pdf,Ericaeae
dove weed,Croton setigerus,,native,,,USFWS / EcoData Plant_List.pdf,Euphorbiaceae
leafy spurge,Euphorbia esula,,non-native,,,USFWS / EcoData Plant_List.pdf,Euphorbiaceae
madwoman's milk,Euphorbia helioscopia,,non-native,,,USFWS / EcoData Plant_List.pdf,Euphorbiaceae
eggleaf spurge,Euphorbia oblongata,,non-native,,,USFWS / EcoData Plant_List.pdf,Euphorbiaceae
petty spurge,Euphorbia peplus,,non-native,,,USFWS / EcoData Plant_List.pdf,Euphorbiaceae
prostrate spurge,Chamaesyce prostrata,,non-native,,,USFWS / EcoData Plant_List.pdf,Euphorbiaceae
Cootamundra wattle,Acacia baileyana,,non-native,,,USFWS / EcoData Plant_List.pdf,Fabaceae
silver wattle,Acacia dealbata,,non-native,,,USFWS / EcoData Plant_List.pdf,Fabaceae
golden wattle,Acacia longifolia,,non-native,,,USFWS / EcoData Plant_List.pdf,Fabaceae
black acacia,Acacia melanoxylon,,non-native,,,USFWS / EcoData Plant_List.pdf,Fabaceae
everblooming acacia,Acacia retinodes,,non-native,,,USFWS / EcoData Plant_List.pdf,Fabaceae
alkali milk vetch,Astragalus tener,,native,,,USFWS / EcoData Plant_List.pdf,Fabaceae
french broom,Genista monspessulana,,non-native,,,USFWS / EcoData Plant_List.pdf,Fabaceae
bird’s-foot trefoil,Lotus corniculatus,,non-native,,,USFWS / EcoData Plant_List.pdf,Fabaceae
lotus,Lotus purshianus,,native,,,USFWS / EcoData Plant_List.pdf,Fabaceae
deerweed,Lotus scoparius,,native,,,USFWS / EcoData Plant_List.pdf,Fabaceae
silver lupine,Lupinus albifrons,,native,,,USFWS / EcoData Plant_List.pdf,Fabaceae
lupine,Lupinus bicolor,,native,,,USFWS / EcoData Plant_List.pdf,Fabaceae
arroyo lupine,Lupinus succulentus,,native,,,USFWS / EcoData Plant_List.pdf,Fabaceae
California burclover,Medicago polymorpha,,non-native,,,USFWS / EcoData Plant_List.pdf,Fabaceae
annual yellow sweetclover,Melilotus indicus,,non-native,,,USFWS / EcoData Plant_List.pdf,Fabaceae
yellow sweetclover,Melilotus officinalis,,non-native,,,USFWS / EcoData Plant_List.pdf,Fabaceae
bearded clover,Trifolium barbigerum,,native,,,USFWS / EcoData Plant_List.pdf,Fabaceae
pale sack clover,Trifolium depauperatum var. amplectens,,native,,,USFWS / EcoData Plant_List.pdf,Fabaceae
dwarf sack clover,Trifolium depauperatum var. depauperatum,,native,,,USFWS / EcoData Plant_List.pdf,Fabaceae
bull clover,Trifolium fucatum,,native,,,USFWS / EcoData Plant_List.pdf,Fabaceae
rose clover,Trifolium hirtum,,non-native,,,USFWS / EcoData Plant_List.pdf,Fabaceae
crimson clover,Trifolium incarnatum,,non-native,,,USFWS / EcoData Plant_List.pdf,Fabaceae
variegated clover,Trifolium variegatum,,native,,,USFWS / EcoData Plant_List.pdf,Fabaceae
tomcat clover,Trifolium willdenovii,,native,,,USFWS / EcoData Plant_List.pdf,Fabaceae
spring vetch,Vicia sativa,,non-native,,,USFWS / EcoData Plant_List.pdf,Fabaceae
common vetch,Vicia sativa ssp. sativa,,non-native,,,USFWS / EcoData Plant_List.pdf,Fabaceae
hairy vetch,Vicia villosa,,non-native,,,USFWS / EcoData Plant_List.pdf,Fabaceae
coast live oak,Quercus agrifolia,,native,,,USFWS / EcoData Plant_List.pdf,Fagaceae
blue oak,Quercus douglasii,,native,,,USFWS / EcoData Plant_List.pdf,Fagaceae
Alkali heath,Frankenia salina,,native,,,USFWS / EcoData Plant_List.pdf,Frankeniaceae
coast silk-tassel bush,Garrya elliptica,,native,,,USFWS / EcoData Plant_List.pdf,Garryaceae
broad-leaf filaree,Erodium botrys,,non-native,,,USFWS / EcoData Plant_List.pdf,Geraniaceae
redstem filaree,Erodium cicutarium,,non-native,,,USFWS / EcoData Plant_List.pdf,Geraniaceae
whitestem filaree,Erodium moschatum,,non-native,,,USFWS / EcoData Plant_List.pdf,Geraniaceae
Carolina geranium,Geranium carolinianum,,native,,,USFWS / EcoData Plant_List.pdf,Geraniaceae
cutleaf geranium,Geranium dissectum,,non-native,,,USFWS / EcoData Plant_List.pdf,Geraniaceae
crane's bill geranium,Geranium molle,,non-native,,,USFWS / EcoData Plant_List.pdf,Geraniaceae
red-flowering currant,Ribes sanguineum,,native,,,USFWS / EcoData Plant_List.pdf,Grossulariaceae
fuschia-flowered gooseberry,Ribes speciosum,,native,,,USFWS / EcoData Plant_List.pdf,Grossulariaceae
California buckeye,Aesculus californica,,native,,,USFWS / EcoData Plant_List.pdf,Hippocastanaceae
Great Valley phacelia,Phacelia ciliata,,native,,,USFWS / EcoData Plant_List.pdf,Hydrophyllaceae
Blue-eyed grass,Sisyrinchium bellum,,native,,,USFWS / EcoData Plant_List.pdf,Iridaceae
golden-eyed grass,Sisyrinchium californicum,,native,,,USFWS / EcoData Plant_List.pdf,Iridaceae
quillwort,Isoetes sp.,,native,,,USFWS / EcoData Plant_List.pdf,Isoetaceae
seaside toad rush,Juncus ambiguus,,native,,,USFWS / EcoData Plant_List.pdf,Juncaceae
Baltic rush,Juncus balticus,,native,,,USFWS / EcoData Plant_List.pdf,Juncaceae
kellogg dwarf rush,Juncus kelloggii,,native,,,USFWS / EcoData Plant_List.pdf,Juncaceae
flowering-quillwort,Lilaea scilloides,,native,,,USFWS / EcoData Plant_List.pdf,Juncaginaceae
henbit,Lamium amplexicaule,,non-native,,,USFWS / EcoData Plant_List.pdf,Lamiaceae
white horehound,Marrubium vulgare,,non-native,,,USFWS / EcoData Plant_List.pdf,Lamiaceae
black sage,Salvia mellifera,,native,,,USFWS / EcoData Plant_List.pdf,Lamiaceae
hummingbird Sage,Salvia spathacea,,native,,,USFWS / EcoData Plant_List.pdf,Lamiaceae
hedge nettle,Stachys ajugoides,,native,,,USFWS / EcoData Plant_List.pdf,Lamiaceae
desert agave,Agave deserti,,native,,,USFWS / EcoData Plant_List.pdf,Liliaceae
harvest brodiaea,Brodiaea elegans,,native,,,USFWS / EcoData Plant_List.pdf,Liliaceae
dwarf brodiaea,Brodiaea terrestris ssp. terrestris,,native,,,USFWS / EcoData Plant_List.pdf,Liliaceae
soap plant,Chlorogalum pomeridianum,,native,,,USFWS / EcoData Plant_List.pdf,Liliaceae
blue dicks,Dichelostemma capitatum,,native,,,USFWS / EcoData Plant_List.pdf,Liliaceae
common muilla,Muilla maritima,,native,,,USFWS / EcoData Plant_List.pdf,Liliaceae
Hyssop's loosestrife,Lythrum hyssopifolium,,non-native,,,USFWS / EcoData Plant_List.pdf,Lythraceae
Fremont mallow,Malacothamnus fremontii,,native,,,USFWS / EcoData Plant_List.pdf,Malvaceae
common mallow,Malva neglecta,,non-native,,,USFWS / EcoData Plant_List.pdf,Malvaceae
bull mallow,Malva nicaeensis,,non-native,,,USFWS / EcoData Plant_List.pdf,Malvaceae
cheeseweed mallow,Malva Parviflora,,non-native,,,USFWS / EcoData Plant_List.pdf,Malvaceae
alkali mallow,Malvella leprosa,,native,,,USFWS / EcoData Plant_List.pdf,Malvaceae
pillwort,Pilularia americana,,native,,,USFWS / EcoData Plant_List.pdf,Marsiliaceae
edible fig,Ficus carica,,non-native,,,USFWS / EcoData Plant_List.pdf,Moraceae
myoporum,Myoporum laetum,,non-native,,,USFWS / EcoData Plant_List.pdf,Myoporaceae
red gum,Eucalyptus camaldulensis,,non-native,,,USFWS / EcoData Plant_List.pdf,Myrtaceae
Tasmanian blue gum,Eucalyptus globulus,,non-native,,,USFWS / EcoData Plant_List.pdf,Myrtaceae
silver dollar gum,Eucalyptus polyanthemos,,non-native,,,USFWS / EcoData Plant_List.pdf,Myrtaceae
western Australian floodedgum,Eucalyptus rudis,,non-native,,,USFWS / EcoData Plant_List.pdf,Myrtaceae
olive,Olea europaea,,non-native,,,USFWS / EcoData Plant_List.pdf,Oleaceae
long-leaved suncup,Camissonia subacaulis,,native,,,USFWS / EcoData Plant_List.pdf,Onagraceae
willow herb,Epilobium brachycarpum,,native,,,USFWS / EcoData Plant_List.pdf,Onagraceae
California fuchsia,Epilobium canum,,native,,,USFWS / EcoData Plant_List.pdf,Onagraceae
fringed willowherb,Epilobium ciliatum,,native,,,USFWS / EcoData Plant_List.pdf,Onagraceae
desert willow herb,Epilobium minutum,,native,,,USFWS / EcoData Plant_List.pdf,Onagraceae
sun cup,Camissonia ovata,,native,,,USFWS / EcoData Plant_List.pdf,Onagraceae
Hooker's evening primrose,Oenothera elata ssp. hookeri,,native,,,USFWS / EcoData Plant_List.pdf,Onagraceae
bermuda buttercup,Oxalis pes-caprae,,non-native,,,USFWS / EcoData Plant_List.pdf,Oxalidaceae
Western bleeding heart,Dicentra formosa,,native,,,USFWS / EcoData Plant_List.pdf,Papaveraceae
California poppy,Eschscholzia californica,,native,,,USFWS / EcoData Plant_List.pdf,Papaveraceae
fumitory,Fumaria officinalis,,non-native,,,USFWS / EcoData Plant_List.pdf,Papaveraceae
cutleaf plantain,Plantago coronopus,,non-native,,,USFWS / EcoData Plant_List.pdf,Plantaginaceae
annual coast plantago,Plantago elongata,,native,,,USFWS / EcoData Plant_List.pdf,Plantaginaceae
California plantain,Plantago erecta,,native,,,USFWS / EcoData Plant_List.pdf,Plantaginaceae
english plantain,Plantago lanceolata,,non-native,,,USFWS / EcoData Plant_List.pdf,Plantaginaceae
westernsycamore,Platanus racemosa,,native,,,USFWS / EcoData Plant_List.pdf,Platanaceae
California sea lavender,Limonium californicum,,native,,,USFWS / EcoData Plant_List.pdf,Plumbaginaceae
Algerian sea lavendar,Limonium ramosissimum,,non-native,,,USFWS / EcoData Plant_List.pdf,Plumbaginaceae
Cape leadwort,Plumbago auriculata,,non-native,,,USFWS / EcoData Plant_List.pdf,Plumbaginaceae
spike bentrgrass,Agrostis exarata*,,native,,,USFWS / EcoData Plant_List.pdf,Poaceae
Pacific foxtail,Alopecurus saccatus,,native,,,USFWS / EcoData Plant_List.pdf,Poaceae
giant reed,Arundo donax,,non-native,,,USFWS / EcoData Plant_List.pdf,Poaceae
slender wild oat,Avena barbata,,non-native,,,USFWS / EcoData Plant_List.pdf,Poaceae
wild oat,Avena fatua,,non-native,,,USFWS / EcoData Plant_List.pdf,Poaceae
California brome,Bromus carinatus var. carinatus,,native,,,USFWS / EcoData Plant_List.pdf,Poaceae
rescue grass,Bromus catharticus,,non-native,,,USFWS / EcoData Plant_List.pdf,Poaceae
soft brome,Bromus hordeaceus,,non-native,,,USFWS / EcoData Plant_List.pdf,Poaceae
red brome,Bromus madritensis ssp. Rubens,,non-native,,,USFWS / EcoData Plant_List.pdf,Poaceae
downy brome,Bromus tectorum,,non-native,,,USFWS / EcoData Plant_List.pdf,Poaceae
pampasgrass,Cortaderia selloana,,non-native,,,USFWS / EcoData Plant_List.pdf,Poaceae
swamp pricklegrass,Crypsis schoenoides,,non-native,,,USFWS / EcoData Plant_List.pdf,Poaceae
bermudagrass,Cynodon dactylon,,non-native,,,USFWS / EcoData Plant_List.pdf,Poaceae
orchard grass,Dactylis glomerata,,non-native,,,USFWS / EcoData Plant_List.pdf,Poaceae
California oatgrass,Danthonia californica,,native,,,USFWS / EcoData Plant_List.pdf,Poaceae
tufted hairgrass,Deschampsia cespitosa,,native,,,USFWS / EcoData Plant_List.pdf,Poaceae
saltgrass,Distichlis spicata,,native,,,USFWS / EcoData Plant_List.pdf,Poaceae
tall wheatgrass,Elytrigia spp.,,non-native,,,USFWS / EcoData Plant_List.pdf,Poaceae
blue wildrye,Elymus glaucus,,native,,,USFWS / EcoData Plant_List.pdf,Poaceae
tall fescue,Festuca arundinacea,,non-native,,,USFWS / EcoData Plant_List.pdf,Poaceae
Idaho fescue,Festuca idahoensis,,native,,,USFWS / EcoData Plant_List.pdf,Poaceae
red fescue,Festuca rubra,,native,,,USFWS / EcoData Plant_List.pdf,Poaceae
meadow barley,Hordeum brachyantherum,,native,,,USFWS / EcoData Plant_List.pdf,Poaceae
low barley,Hordeum depressum,,native,,,USFWS / EcoData Plant_List.pdf,Poaceae
Mediterranean barley,Hordeum marinum ssp. gussoneanum,,non-native,,,USFWS / EcoData Plant_List.pdf,Poaceae
mouse barley,Hordeum murinum ssp. leporinum,,non-native,,,USFWS / EcoData Plant_List.pdf,Poaceae
june grass,Koeleria macrantha,,native,,,USFWS / EcoData Plant_List.pdf,Poaceae
annual junegrass,Koeleria phleoides,,non-native,,,USFWS / EcoData Plant_List.pdf,Poaceae
creeping wild rye,Leymus triticoides,,native,,,USFWS / EcoData Plant_List.pdf,Poaceae
Italian ryegrass,Lolium multiflorum,,non-native,,,USFWS / EcoData Plant_List.pdf,Poaceae
perennial rye grass,Lolium perenne,,non-native,,,USFWS / EcoData Plant_List.pdf,Poaceae
purple needlegrass,Nassella pulchra,,native,,,USFWS / EcoData Plant_List.pdf,Poaceae
sickle grass,Parapholis incurva,,non-native,,,USFWS / EcoData Plant_List.pdf,Poaceae
kikuyugrass,Pennisetum clandestinum,,non-native,,,USFWS / EcoData Plant_List.pdf,Poaceae
crimson fountaingrass,Pennisetum setaceum,,non-native,,,USFWS / EcoData Plant_List.pdf,Poaceae
harding grass,Phalaris aquatica,,non-native,,,USFWS / EcoData Plant_List.pdf,Poaceae
common reed,Phragmites australis,,non-native,,,USFWS / EcoData Plant_List.pdf,Poaceae
smilo grass,Piptatherum miliaceum,,non-native,,,USFWS / EcoData Plant_List.pdf,Poaceae
semaphore grass,Pleuropogon californicus,,native,,,USFWS / EcoData Plant_List.pdf,Poaceae
snnual bluegrass,Poa annua,,non-native,,,USFWS / EcoData Plant_List.pdf,Poaceae
Kentucky bluegrass,Poa pratensis,,non-native,,,USFWS / EcoData Plant_List.pdf,Poaceae
one-sided bluegrass,Poa secunda ssp. secunda,,native,,,USFWS / EcoData Plant_List.pdf,Poaceae
rabbitfoot grass,Polypogon monspeliensis,,non-native,,,USFWS / EcoData Plant_List.pdf,Poaceae
seaside alkaligrass,Puccinellia maritima,,non-native,,,USFWS / EcoData Plant_List.pdf,Poaceae
California alkaligrass,Puccinellia simplex,,native,,,USFWS / EcoData Plant_List.pdf,Poaceae
spartina hybrids,Spartina alterniflora hybrids,,non-native,,,USFWS / EcoData Plant_List.pdf,Poaceae
California cord grass,Spartina foliosa,,native,,,USFWS / EcoData Plant_List.pdf,Poaceae
European foxtail fescue,Vulpia bromoides,,non-native,,,USFWS / EcoData Plant_List.pdf,Poaceae
small fescue,Vulpia microstachys,,native,,,USFWS / EcoData Plant_List.pdf,Poaceae
rat-tail fescue,Vulpia myuros,,non-native,,,USFWS / EcoData Plant_List.pdf,Poaceae
ripgut brome,Bromus diandrus,,non-native,,,USFWS / EcoData Plant_List.pdf,Poaceae
skunkweed,Navarretia squarrosa,,native,,,USFWS / EcoData Plant_List.pdf,Polemoniacea
sheep sorrel,Rumex acetosella,,non-native,,,USFWS / EcoData Plant_List.pdf,Polygonacae
curly dock,Rumex crispus,,non-native,,,USFWS / EcoData Plant_List.pdf,Polygonacae
fiddle dock,Rumex pulcher,,non-native,,,USFWS / EcoData Plant_List.pdf,Polygonacae
naked buckwheat,Eriogonum nudum,,native,,,USFWS / EcoData Plant_List.pdf,Polygonaceae
buckwheat species,Eriogonum spp.,,native,,,USFWS / EcoData Plant_List.pdf,Polygonaceae
miner's lettuce,Claytonia perfoliata,,native,,,USFWS / EcoData Plant_List.pdf,Portulacaceae
water chickweed,Montia fontana,,native,,,USFWS / EcoData Plant_List.pdf,Portulacaceae
common purslane,Portulaca oleracea,,non-native,,,USFWS / EcoData Plant_List.pdf,Portulacaceae
scarlet pimpernel,Anagallis arvensis,,non-native,,,USFWS / EcoData Plant_List.pdf,Primulaceae
VanHoutte's columbine,Aquilegia eximia,,native,,,USFWS / EcoData Plant_List.pdf,Ranunculaceae
common mousetail,Myosurus minimus,,native,,,USFWS / EcoData Plant_List.pdf,Ranunculaceae
tiny mousetail,Myosurus sessilis,,native,,,USFWS / EcoData Plant_List.pdf,Ranunculaceae
Califonria buttercup,Ranunculus californicus,,native,,,USFWS / EcoData Plant_List.pdf,Ranunculaceae
wavyleaf ceanothus,Ceanothus foliosus,,native,,,USFWS / EcoData Plant_List.pdf,Rhamnaceae
glory mat,Ceanothus gloriosus,,native,,,USFWS / EcoData Plant_List.pdf,Rhamnaceae
Carmel ceanothus,Ceanothus griseus,,native,,,USFWS / EcoData Plant_List.pdf,Rhamnaceae
blueblossom,Ceanothus thyrsiflorus,,native,,,USFWS / EcoData Plant_List.pdf,Rhamnaceae
California coffeeberry,Rhamnus californica,,native,,,USFWS / EcoData Plant_List.pdf,Rhamnaceae
toyon,Heteromeles arbutifolia,,native,,,USFWS / EcoData Plant_List.pdf,Rosaceae
holly-leaf cherry,Prunus ilicifolia,,native,,,USFWS / EcoData Plant_List.pdf,Rosaceae
California wild rose,Rosa californica,,native,,,USFWS / EcoData Plant_List.pdf,Rosaceae
Himalayan blackberry,Rubus armeniacus,,non-native,,,USFWS / EcoData Plant_List.pdf,Rosaceae
California blackberry,Rubus ursinus,,native,,,USFWS / EcoData Plant_List.pdf,Rosaceae
common bedstraw,Galium aparine,,native,,,USFWS / EcoData Plant_List.pdf,Rubiaceae
arroyo willow,Salix lasiolepis,,native,,,USFWS / EcoData Plant_List.pdf,Salicaceae
foothillpenstemon,Antirrhinum vexillo sp.,,native,,,USFWS / EcoData Plant_List.pdf,Scrophulariaceae
dense flower owl's clover,Castilleja densiflora,,native,,,USFWS / EcoData Plant_List.pdf,Scrophulariaceae
sharp point fluvellin,Kickxia elatine,,non-native,,,USFWS / EcoData Plant_List.pdf,Scrophulariaceae
broad-leaved mudwort,Limosella acaulis,,native,,,USFWS / EcoData Plant_List.pdf,Scrophulariaceae
sticky monkey flower,Mimulus aurantiacus,,native,,,USFWS / EcoData Plant_List.pdf,Scrophulariaceae
scarlet monkeyflower,Mimulus cardinalis,,native,,,USFWS / EcoData Plant_List.pdf,Scrophulariaceae
red bush monkeyflower,Mimulus puniceus,,native,,,USFWS / EcoData Plant_List.pdf,Scrophulariaceae
bee plant,Scrophularia californica,,native,,,USFWS / EcoData Plant_List.pdf,Scrophulariaceae
water speedwell,Veronica anagallis-aquatica,,non-native,,,USFWS / EcoData Plant_List.pdf,Scrophulariaceae
purslane speedwell,Veronica peregrina ssp. xalapensis,,native,,,USFWS / EcoData Plant_List.pdf,Scrophulariaceae
johnny-nip,Castilleja ambigua,,native,,,USFWS / EcoData Plant_List.pdf,Scrophulariaceae
many flower tobacco,Nicotiana acuminata var. multiflora,,non-native,,,USFWS / EcoData Plant_List.pdf,Solanaceae
tree tobacco,Nicotiana glauca,,non-native,,,USFWS / EcoData Plant_List.pdf,Solanaceae
black nightshade,Solanum nigrum,,non-native,,,USFWS / EcoData Plant_List.pdf,Solanaceae
buffalobur,Solanum rostratum,,non-native,,,USFWS / EcoData Plant_List.pdf,Solanaceae
tamarisk,Tamarix parviflora,,non-native,,,USFWS / EcoData Plant_List.pdf,Tamaricaceae
cattail,Typha latifolia,,non-native,,,USFWS / EcoData Plant_List.pdf,Typhaceae
dwarf nettle,Urtica urens,,non-native,,,USFWS / EcoData Plant_List.pdf,Urticaceae
red valerian,Centranthus ruber,,non-native,,,USFWS / EcoData Plant_List.pdf,Valerianaceae
puncturevine,Tribulus terrestris,,non-native,,,USFWS / EcoData Plant_List.pdf,Zygophyllaceae
Spanish banner,Yucca,,native,,,USFWS / EcoData Plant_List.pdf,Liliaceae
